{
  "nodes": {
    "993f691c-6210-4e86-b7ed-0c1e0d28aa14": {
      "contentWidth": 500.3218226974637,
      "rfNode": {
        "position": {
          "x": 515,
          "y": 2991.25
        }
      }
    },
    "02106c8c-114b-43d4-b114-837b3d062101": {
      "contentWidth": 477.77292438044344,
      "rfNode": {
        "position": {
          "x": 526,
          "y": 27
        }
      }
    },
    "3fb302c1-31d0-493f-9d4a-1c66280bef46": {
      "contentWidth": 417.1953701182133,
      "rfNode": {
        "position": {
          "x": 556.5,
          "y": 880.5
        }
      }
    },
    "e8fd600f-b0d1-480f-8523-6bbfb65e717a": {
      "contentWidth": 501.5336389783575,
      "rfNode": {
        "position": {
          "x": 514,
          "y": 2222.25
        }
      }
    },
    "a1a63c59-59e7-430c-881b-754ec24e9841": {
      "contentWidth": 507.83645302477385,
      "rfNode": {
        "position": {
          "x": 1594,
          "y": 1547.5
        }
      }
    },
    "d31b5d46-bb6a-4357-b6bb-54bc349ff3b4": {
      "rfNode": {
        "position": {
          "x": 1095,
          "y": 2909
        }
      }
    },
    "18700525-f2c7-4c20-8f60-3b48401f82a3": {
      "rfNode": {
        "position": {
          "x": 1095,
          "y": 229.25
        }
      }
    },
    "4ad3c728-e019-44d5-8d6b-d41800ee22c9": {
      "rfNode": {
        "position": {
          "x": 1095,
          "y": 798.25
        }
      }
    },
    "ae28cfae-06d4-4435-b3f1-da90f7c34244": {
      "rfNode": {
        "position": {
          "x": 1095,
          "y": 2245.25
        }
      }
    },
    "6b081ee2-fce1-4cba-bb92-4ff6ae4305ef": {
      "rfNode": {
        "position": {
          "x": 1594,
          "y": 2324.25
        }
      }
    },
    "d3fba861-f4d7-4b9c-a6f8-0b861625a886": {
      "rfNode": {
        "position": {
          "x": 1594,
          "y": 982.5
        }
      }
    },
    "8a404134-d28a-4416-9f84-58ae9eb75f1d": {
      "rfNode": {
        "position": {
          "x": 1594,
          "y": 129
        }
      }
    },
    "f1d759e0-3ce3-41a5-b346-b00147aeff80": {
      "rfNode": {
        "position": {
          "x": 1594,
          "y": 3093.25
        }
      }
    },
    "5eeb7156-d522-45a5-a56c-e79c936b5f90": {
      "rfNode": {
        "position": {
          "x": 2210.5,
          "y": 897.5
        }
      }
    },
    "5deef54c-b9ed-4cf3-ad78-bc5f7b279a20": {
      "contentWidth": 685.1704464765235,
      "rfNode": {
        "position": {
          "x": 2078,
          "y": 0
        }
      }
    },
    "01c77df3-f634-4c3c-8fd7-f682be4e236c": {
      "rfNode": {
        "position": {
          "x": 2232.5314106307524,
          "y": 2108.2938318823067
        }
      }
    },
    "fe155a28-4ff3-411b-85d1-d462f00c7c79": {
      "rfNode": {
        "position": {
          "x": 2210.5,
          "y": 3214.75
        }
      }
    },
    "ce09cc7b-6419-43e5-9ed7-99a185a67479": {
      "contentWidth": 773.5924852093676,
      "rfNode": {
        "position": {
          "x": 2870.952400078976,
          "y": 1435.2136538099116
        }
      }
    },
    "url_to_path#1": {
      "contentWidth": 450,
      "rfNode": {
        "position": {
          "x": 0,
          "y": 277.5
        }
      }
    },
    "url_to_path#2": {
      "contentWidth": 450,
      "rfNode": {
        "position": {
          "x": 0,
          "y": 1131
        }
      }
    },
    "url_to_path#3": {
      "contentWidth": 450,
      "rfNode": {
        "position": {
          "x": 1080,
          "y": 1798
        }
      }
    },
    "url_to_path#4": {
      "contentWidth": 450,
      "rfNode": {
        "position": {
          "x": 0,
          "y": 2472.75
        }
      }
    },
    "url_to_path#5": {
      "contentWidth": 450,
      "rfNode": {
        "position": {
          "x": 0,
          "y": 3241.75
        }
      }
    }
  }
}